{"Vila_independencia": 13.11446882431306, "Dois_corregos": 12.940324823266835, "Centro": 12.644793269632721, "Jardim_pacaembu": 13.328497003199335, "Unileste": 12.815601251991813, "Bongue": 12.854215312342198, "Campestre": 13.083072081186026, "Pau_queimado": 12.948547819734397, "Agua_branca": 13.138678282036889, "Canal_torto": 12.657971426128563, "Santa_terezinha": 13.11446882431306, "Piracicamirim": 12.849419566761936, "Monte_alegre": 12.485754736119672, "Nova_piracicaba": 12.74091045924626, "Itaperu": 13.083072081186026, "Agua_seca": 13.10764281825189, "Alphaville_piracicaba": 13.347422242385845, "Morato": 13.10764281825189, "Cidade_alta": 13.083072081186026, "Artemis": 13.083072081186026, "Jardim_sao_cristovao_i": 12.74091045924626, "Batistada": 13.083072081186026, "Vila_industrial": 12.92633338254685, "Pauliceia": 12.825629546311776, "Jardim_elite": 12.815601251991813, "Vila_rezende": 12.324182366276759, "Nossa_senhora_aparecida_i": 12.485754736119672, "Santa_rosa": 13.29069784081548, "Ondas": 13.051814350901736, "Villa_bela_vista": 13.655462954232712, "Jardim_europa": 13.083072081186026, "Vila_olinda": 13.083072081186026, "Sao_dimas": 13.138678282036889, "Reserva_do_engenho": 12.825629546311776, "Alto": 13.10764281825189, "Pompeia": 12.618651991041919, "Jardim_caxambu": 13.56223430836609, "Santa_rita": 12.74091045924626, "Glebas_california": 13.051814350901736, "Altos_do_taquaral": 13.343172200671637, "Castelinho": 13.083072081186026, "Damha": 12.89010172226674, "Villa_d'aquila": 12.860520709424335, "Alambari": 13.243469958183084, "Cidade_jardim": 12.773242193042217, "Nova_suica": 13.10764281825189, "Nova_america": 12.825629546311776, "Jardim_sao_francisco": 12.355089668684277, "Alemaes": 13.083072081186026, "Areiao": 12.618651991041919, "Agua_bonita": 13.083072081186026, "Reserva_das_paineiras": 12.485754736119672, "Paulista": 13.083072081186026, "Santa_maria": 12.618651991041919, "Clube_de_campo": 12.825629546311776, "Sao_judas": 12.69008702373135, "Lazuli_club": 12.92633338254685, "Jardim_das_cachoeiras": 13.347422242385845, "Nova_pompeia": 13.083072081186026, "Caxambu": 13.10764281825189, "Jardim_dona_rosina": 12.618651991041919, "Industrial": 12.69008702373135, "Jardim_vila_verde": 13.083072081186026, "Colinas": 13.136278086665818, "Taquaral": 13.243469958183084, "Morumbi": 13.10764281825189, "Ondinhas": 13.10764281825189, "Jardim_nova_suica": 12.79898585341881, "Higienopolis": 13.343172200671637, "Jardim_monumento": 13.083072081186026, "Soleil": 12.657971426128563, "Alto_da_boa_vista": 12.854215312342198, "Jardim_sao_cristovao_ii": 13.042453146719197, "Area_rural_de_piracicaba": 13.343172200671637, "Guamium": 13.083072081186026, "Santa_rosa_ipes": 12.736430329099754, "Jardim_botanico": 12.485754736119672, "Jardim_brasilia": 13.343172200671637, "Sao_jorge": 12.74091045924626, "Vila_monteiro": 13.56223430836609, "Monte_rey": 13.015878604525584, "Jardim_sao_jose": 13.10764281825189, "Perdizes": 12.89010172226674, "Jardim_santa_silvia": 12.74091045924626, "Jardim_bom_jesus_ii": 13.039326158763338, "Nossa_senhora_aparecida_ii": 12.811872721191786, "Sao_vicente_ii": 12.854215312342198, "Vila_sonia": 12.825629546311776, "Jardim_bom_jesus": 12.644793269632721, "Camargo_ii": 13.015878604525584, "Agua_das_pedras": 12.877883564500015, "Vale_do_sol": 13.10764281825189, "Santa_maria_ii": 13.10764281825189, "Alpes_das_aguas": 13.10764281825189, "Santorino": 13.655462954232712, "Jardim_asturias_i": 13.11446882431306, "Jardim_petropolis": 12.825629546311776, "Prezotto": 12.825629546311776, "Jardim_abaete": 12.953094848579305, "Vila_verde": 13.10764281825189, "Luiz_massud_coury": 13.083072081186026, "Jardim_flamboyant": 12.928603549990326, "Jardim_sao_luiz": 13.655462954232712, "Mombuca": 13.042453146719197, "Jardim_nova_iguacu": 12.69008702373135, "Vila_nossa_senhora_aparecida": 13.10764281825189, "Garcas": 12.825629546311776, "Jaragua": 12.54946160259109, "Vila_santa_helena": 13.051814350901736, "Jardim_algodoal": 13.227788942553133, "Paredao_vermelho": 13.046685337702046, "Jardim_sao_vicente_ii": 13.136278086665818, "Jardim_mercedes": 13.015878604525584, "Jardim_planalto": 12.69008702373135, "Nossa_senhora_de_fatima": 13.343172200671637, "Bom_jesus": 13.10764281825189, "Santa_olimpia": 12.644793269632721, "Santana": 13.254548260425612, "Jardim_dona_antonieta": 13.015878604525584, "Village_agua_branca": 12.644793269632721, "Jardim_santa_isabel": 13.227788942553133, "Sao_vicente_i": 12.815601251991813, "Alto_da_pompeia": 13.073533522224245, "Jardim_alvorada": 13.083072081186026, "Santa_rosa_ype": 13.10764281825189, "Salto_de_pederneiras": 12.847582467064097, "Joy_one_residence": 13.29069784081548, "Vila_nazareti": 13.015878604525584, "Jardim_dos_manacas": 13.227788942553133, "Pombeva": 13.11446882431306, "Jardim_noiva_da_colina": 13.015878604525584, "Irmaos_camolesi": 12.644793269632721, "Jardim_bela_vista": 12.882208719776397, "Jardim_asturias_ii": 12.644793269632721, "Cecap": 12.649523668753917, "Jardim_tres_marias": 12.54946160259109, "Vila_kennedy": 12.74091045924626, "Jardim_boa_esperanca": 12.54946160259109, "Conceicao": 12.618651991041919, "Reserva_jequitiba": 12.815601251991813, "Jardim_bartira": 12.644793269632721, "Vertentes_das_aguas": 12.485754736119672, "Conquista": 12.649523668753917, "Jardim_sao_carlos": 12.74091045924626, "Campos_do_conde": 13.10764281825189, "Moinho_vermelho": 13.083072081186026, "Jardim_gloria": 13.10764281825189, "Vila_bessy": 12.870863424241497, "Vitoria_perin_cezarino": 13.015878604525584, "Mario_dedini": 12.953313623590695, "Jardim_monte_castelo": 12.740209812877884, "Jardim_esplanada": 13.312208565189033, "Jardim_conceicao": 12.68503447505375, "Recreio": 13.10764281825189, "Jardim_belvedere": 12.74091045924626, "Jardim_diamante": 12.74091045924626, "Algodoal": 12.940324823266835, "Jardim_maria_claudia": 13.10764281825189, "Luis_massoud_coury": 13.347422242385845, "Jupia": 13.347422242385845, "Jardim_california": 12.355089668684277, "Pau_d'alhinho": 12.756777420851918, "Bertolin_ii": 13.11446882431306, "Jardim_alberto_zeppeline": 12.847582467064097, "_vila_santa_clara": 13.10764281825189, "Jardim_ipanema": 13.11446882431306, "Santa_teresinha_de_piraci": 12.649523668753917, "Jardim_santo_antonio": 12.69008702373135, "Eldorado": 12.864946698036814, "Jardim_ouro_fino": 12.734443135932276, "Jardim_itapua": 13.227788942553133, "Morada_dos_passaros": 13.10764281825189, "Verde": 13.083072081186026, "Mato_alto": 13.10764281825189, "Santa_cruz": 13.10764281825189, "Santa_luzia": 13.655462954232712, "Varandas_campestre": 12.92633338254685, "Vila_prudente": 13.343172200671637, "Monaco": 12.82324016342564, "Vitta_agua_branca": 12.485754736119672, "Bairro_sao_cristovao": 12.657971426128563, "Jardim_monte_libano": 12.395254913774277, "Independencia": 12.92633338254685, "Jardim_maria": 12.89010172226674, "Tanquinho": 13.083072081186026, "Jardim_primavera": 13.328497003199335, "Monte_libano": 13.10764281825189, "Portal_do_horto": 12.355089668684277, "Horto_(_tupi_)": 12.89010172226674, "Jardim_taiguara": 12.825629546311776, "Novo_horizonte": 13.10764281825189, "Quinta_de_santa_helena": 13.10764281825189, "Tupi": 13.11446882431306, "Jardim_sao_vicente": 12.877883564500015, "Sao_vicente": 12.618651991041919, "Vivenda_do_sol": 13.347422242385845, "Agua_santa": 12.485754736119672, "Gleba_california": 12.355089668684277, "Santa_cecilia": 13.227788942553133, "Bairro_batistada": 12.69008702373135, "Dos_alemaes": 13.343172200671637, "Sao_luiz": 12.395254913774277, "Monte_feliz": 12.69008702373135, "Damha_i": 13.140271210484075, "Jardim_sol_nascente_ii": 12.847582467064097, "Potiguar": 13.10764281825189, "Jardim_asturias_iii": 13.06270678254645, "Vila_cristina": 13.10764281825189, "Leao": 12.736430329099754, "Vila_bela_vista": 12.54946160259109, "Piazza_italia": 12.74091045924626, "Torres_do_jardim_i": 12.74091045924626, "Colinas_do_piracicaba": 12.54946160259109, "Morada_do_engenho": 13.051814350901736, "Volta_grande": 13.10764281825189,