{"Vila_independencia": 1039928.4083579582, "Dois_corregos": 999647.8708653786, "Centro": 830286.9999999997, "Jardim_pacaembu": 1562787.0486000832, "Unileste": 1268587.6154554486, "Bongue": 921891.4041515912, "Campestre": 789047.6576946443, "Pau_queimado": 1351340.1908874107, "Agua_branca": 583239.8852889523, "Canal_torto": 1407890.3983240733, "Santa_terezinha": 699041.8266237625, "Piracicamirim": 443444.5493658133, "Monte_alegre": 1177365.7105162144, "Nova_piracicaba": 1015033.8613881287, "Itaperu": 1768870.606046086, "Agua_seca": 970021.9251414192, "Alphaville_piracicaba": 1225136.5509675245, "Morato": 1289842.0967660216, "Cidade_alta": 617463.5009935496, "Artemis": 1203866.7889492211, "Jardim_sao_cristovao_i": 789166.7483272954, "Batistada": 965010.8443285576, "Vila_industrial": 697629.3730147879, "Pauliceia": 475587.94992651936, "Jardim_elite": 580955.8129428751, "Vila_rezende": 685747.184550071, "Nossa_senhora_aparecida_i": 719647.9818263771, "Santa_rosa": 992600.9145726769, "Ondas": 830948.2128543762, "Villa_bela_vista": 718038.1439319226, "Jardim_europa": 1253657.1514732013, "Vila_olinda": 939499.8906172808, "Sao_dimas": 889051.4768421529, "Reserva_do_engenho": 976796.8264319377, "Alto": 749865.392996692, "Pompeia": 458641.10763632564, "Jardim_caxambu": 665312.8540995005, "Santa_rita": 1009949.8319480788, "Glebas_california": 563506.9041477785, "Altos_do_taquaral": 694235.528722875, "Castelinho": 734373.3901160825, "Damha": 703652.2477042918, "Villa_d'aquila": 770923.3303595707, "Alambari": 887456.5008720817, "Cidade_jardim": 1007287.9156899462, "Nova_suica": 792384.9463694673, "Nova_america": 375663.3499868779, "Jardim_sao_francisco": 783370.8105005397, "Alemaes": 685671.1325267598, "Areiao": 861434.8059994822, "Agua_bonita": 861434.8059994822, "Reserva_das_paineiras": 737752.9298639358, "Paulista": 586148.7272483987, "Santa_maria": 661087.2548698062, "Clube_de_campo": 830626.0637058824, "Sao_judas": 872599.6959832164, "Lazuli_club": 839275.3675341223, "Jardim_das_cachoeiras": 828907.6874087327, "Nova_pompeia": 653298.1175737632, "Caxambu": 828777.5789343696, "Jardim_dona_rosina": 822402.2636905827, "Industrial": 822402.2636905827, "Jardim_vila_verde": 770690.3776547365, "Colinas": 822402.2636905827, "Taquaral": 495230.09225072415, "Morumbi": 542123.9365540958, "Ondinhas": 626699.1221076848, "Jardim_nova_suica": 718679.4338980536, "Higienopolis": 805177.736436463, "Jardim_monumento": 664248.7164075633, "Soleil": 803752.2405299024, "Alto_da_boa_vista": 796380.5688179831, "Jardim_sao_cristovao_ii": 624301.8750610843, "Salto_de_pederneiras": 677747.177320669, "Area_rural_de_piracicaba": 782068.6366380535, "Guamium": 776864.2976635335, "Santa_rosa_ipes": 717657.1621625618, "Jardim_botanico": 769057.7892017537, "Jardim_brasilia": 710959.6131150711, "Sao_jorge": 757923.7818136925, "Vila_monteiro": 435010.3088472198, "Monte_rey": 763853.4502272337, "Jardim_sao_jose": 761251.2807399738, "Perdizes": 700411.433281368, "Jardim_santa_silvia": 733167.8481802527, "Jardim_bom_jesus_ii": 757348.0265090838, "Nossa_senhora_aparecida_ii": 721397.132601817, "Sao_vicente_ii": 753444.7722781939, "Vila_sonia": 533831.1898634636, "Jardim_bom_jesus": 710069.8299031205, "Camargo_ii": 750842.6027909339, "Agua_das_pedras": 711112.9303965316, "Vale_do_sol": 772159.722568285, "Santa_maria_ii": 710280.3531547498, "Alpes_das_aguas": 750842.6027909339, "Santorino": 744337.179072784, "Jardim_asturias_i": 721470.6097135178, "Jardim_petropolis": 727031.3592565252, "Prezotto": 724588.7815620779, "Jardim_abaete": 673344.8904336614, "Vila_verde": 838996.2655458802, "Luiz_massud_coury": 730675.7892646693, "Jardim_flamboyant": 728724.1621492243, "Jardim_sao_luiz": 639453.7268452538, "Mombuca": 689480.6429992073, "Jardim_nova_iguacu": 546462.4177894254, "Vila_nossa_senhora_aparecida": 724820.9079183344, "Garcas": 684398.9460934695, "Jaragua": 642228.6145608636, "Vila_santa_helena": 724820.9079183344, "Jardim_algodoal": 670908.2268023312, "Paredao_vermelho": 722218.7384310744, "Jardim_sao_vicente_ii": 709694.4197475268, "Jardim_mercedes": 720917.6536874444, "Jardim_planalto": 979427.6024030208, "Nossa_senhora_de_fatima": 677748.747209553, "Bom_jesus": 706024.0832051644, "Santa_olimpia": 718315.4842001845, "Santana": 718315.4842001845, "Jardim_dona_antonieta": 714412.2299692945, "Village_agua_branca": 697888.5250377747, "Jardim_santa_isabel": 674873.5880799849, "Sao_vicente_i": 712330.4943794865, "Alto_da_pompeia": 697271.0515170974, "Jardim_alvorada": 668518.0157049514, "Santa_rosa_ype": 710508.9757384047, "Joy_one_residence": 707906.8062511446, "Vila_nazareti": 707906.8062511446, "Jardim_dos_manacas": 668494.9264568136, "Pombeva": 706475.6130331517, "Jardim_noiva_da_colina": 657040.3548713735, "Irmaos_camolesi": 705304.6367638847, "Jardim_bela_vista": 679833.6854602736, "Jardim_asturias_ii": 718560.1113038072, "Cecap": 636858.609432694, "Jardim_tres_marias": 668518.0157049514, "Vila_kennedy": 702702.4672766248, "Jardim_boa_esperanca": 701401.3825329947, "Conceicao": 682857.3545278631, "Reserva_jequitiba": 789335.6352441005, "Jardim_bartira": 691963.0366349658, "Vertentes_das_aguas": 698799.2130457348, "Conquista": 667304.7900908918, "Jardim_sao_carlos": 698799.2130457348, "Campos_do_conde": 626645.4473934073, "Moinho_vermelho": 684759.3650453312, "Jardim_gloria": 661775.6618621706, "Vila_bessy": 694895.9588148448, "Vitoria_perin_cezarino": 684515.8557276902, "Mario_dedini": 680614.9514429268, "Jardim_monte_castelo": 692293.7893275849, "Jardim_esplanada": 690992.704583955, "Jardim_conceicao": 685437.8876495434, "Recreio": 669266.8662508877, "Jardim_belvedere": 689691.619840325, "Jardim_diamante": 668180.0932596984, "Algodoal": 667407.7669342807, "Jardim_maria_claudia": 675295.5365091584, "Luis_massoud_coury": 687739.99272488, "Jupia": 663245.5009922488, "Jardim_california": 646493.324290513, "Pau_d'alhinho": 687089.450353065, "Bertolin_ii": 687089.450353065, "Jardim_alberto_zeppeline": 685788.365609435, "_vila_santa_clara": 685788.365609435, "Jardim_ipanema": 675295.5365091584, "Santa_teresinha_de_piraci": 685137.8232376201, "Jardim_santo_antonio": 674940.9088469072, "Eldorado": 682535.6537503601, "Jardim_ouro_fino": 682535.6537503601, "Jardim_itapua": 674940.9088469072, "Morada_dos_passaros": 675295.5365091584, "Verde": 680584.0266349151, "Mato_alto": 505954.95348202594, "Santa_cruz": 679282.9418912851, "Santa_luzia": 654741.615197431, "Varandas_campestre": 670685.3768998926, "Vila_prudente": 684656.3882019421, "Monaco": 674078.6029167653, "Vitta_agua_branca": 673428.0605449502, "Bairro_sao_cristovao": 672777.5181731352, "Jardim_monte_libano": 672777.5181731352, "Independencia": 654587.1499323474, "Jardim_maria": 637903.3642997687, "Tanquinho": 670175.3486858753, "Jardim_primavera": 669467.3038020612, "Monte_libano": 669524.8063140603, "Portal_do_horto": 651961.2404259273, "Horto_(_tupi_)": 740901.654025634, "Jardim_taiguara": 667573.1791986154, "Novo_horizonte": 665621.5520831704, "Sem_bairro": 653261.2470186856, "Quinta_de_santa_helena": 835413.1111268825, "Tupi": 705921.1063617754, "Jardim_sao_vicente": 706148.1431250146, "Sao_vicente": 683361.2993724613, "Vivenda_do_sol": 681885.111378545, "Agua_santa": 960317.2465153604, "Gleba_california": 591887.8375305217, "Santa_cecilia": 934086.6157633008, "Bairro_batistada": 1052264.7414822048, "Dos_alemaes": 786661.520158354, "Sao_luiz": 661047.3621391383, "Monte_feliz": 666784.4726151292, "Damha_i": 796763.1589408199, "Jardim_sol_nascente_ii": 675388.47229693, "Potiguar": 728548.3537714356, "Jardim_asturias_iii": 715583.2062385615, "Vila_cristina": 692293.7893275849, "Leao": 854929.3822813323, "Vila_bela_vista": 887456.5008720817, "Piazza_italia": 662368.8402240954, "Torres_do_jardim_i": 683186.1961221751, "Colinas_do_piracicaba": 835413.1111268825, "Morada_do_engenho": 1095630.0598528783, "Volta_grande": 746939.3485600441, "Alphaville": 1005686.6974672216, "Iaa": 697498.1283021049, "Glebas_natalinas": 748240.433303674,