{"Vila_independencia": 1039942.6005040443, "Dois_corregos": 980549.7055869943, "Centro": 830286.9999999997, "Jardim_pacaembu": 1563861.7903972496, "Unileste": 1269696.110826734, "Bongue": 922884.1294587993, "Campestre": 799269.3188930543, "Pau_queimado": 1352414.932684577, "Agua_branca": 582178.9386100727, "Canal_torto": 1409014.0619333247, "Santa_terezinha": 691975.2742430384, "Piracicamirim": 441786.13156417274, "Monte_alegre": 1178334.8428198232, "Nova_piracicaba": 1015496.0169912552, "Itaperu": 1769906.8097760174, "Agua_seca": 971096.6669385858, "Alphaville_piracicaba": 1226027.8106164646, "Morato": 1290705.2139037384, "Cidade_alta": 617463.8556739584, "Artemis": 1203908.5059189305, "Jardim_sao_cristovao_i": 790111.0774727438, "Batistada": 966103.0455789238, "Vila_industrial": 698147.7595710254, "Pauliceia": 475588.3831078148, "Jardim_elite": 581053.8011101831, "Vila_rezende": 685808.445898476, "Nossa_senhora_aparecida_i": 720617.1141299859, "Santa_rosa": 992682.2590466351, "Ondas": 829758.0916626367, "Villa_bela_vista": 718929.4035808627, "Jardim_europa": 1254114.8672942286, "Vila_olinda": 940623.5542265322, "Sao_dimas": 884871.1195605315, "Reserva_do_engenho": 977765.9587355466, "Alto": 775489.7640934432, "Pompeia": 446723.148923766, "Jardim_caxambu": 665800.5341125116, "Santa_rita": 1010563.4298334888, "Glebas_california": 563762.4288416046, "Altos_do_taquaral": 695228.2540300831, "Castelinho": 734672.3932326324, "Damha": 704570.6013846891, "Villa_d'aquila": 771814.5900085107, "Alambari": 888580.1644813331, "Cidade_jardim": 1007837.6203869234, "Nova_suica": 793441.0305589056, "Nova_america": 375663.4374680869, "Jardim_sao_francisco": 783606.4547348593, "Alemaes": 685993.7286469089, "Areiao": 862558.4696087335, "Agua_bonita": 862558.4696087335, "Reserva_das_paineiras": 738210.6456849633, "Paulista": 586190.4442181082, "Santa_maria": 661860.5967373265, "Clube_de_campo": 831718.2649562486, "Sao_judas": 884303.1584501287, "Lazuli_club": 840383.8629054079, "Jardim_das_cachoeiras": 830031.3510179841, "Nova_pompeia": 654102.16598451, "Caxambu": 829901.242543621, "Jardim_dona_rosina": 823525.9272998341, "Industrial": 823525.9272998341, "Jardim_vila_verde": 771798.8730260221, "Colinas": 823525.9272998341, "Taquaral": 500981.482525659, "Morumbi": 542705.4287751768, "Ondinhas": 627617.4757880822, "Jardim_nova_suica": 719754.1756952202, "Higienopolis": 805887.9726391399, "Jardim_monumento": 665139.9760565034, "Soleil": 804744.9658371104, "Alto_da_boa_vista": 797504.2324272345, "Jardim_sao_cristovao_ii": 625135.8876638147, "Salto_de_pederneiras": 678716.3096242779, "Area_rural_de_piracicaba": 783192.3002473048, "Guamium": 777987.9612727849, "Santa_rosa_ipes": 718693.3658924934, "Jardim_botanico": 770181.4528110051, "Jardim_brasilia": 711952.3384222791, "Sao_jorge": 759032.2771849781, "Vila_monteiro": 435164.28664979077, "Monte_rey": 764977.1138364851, "Jardim_sao_jose": 762374.9443492251, "Perdizes": 701486.1750785346, "Jardim_santa_silvia": 734242.5899774194, "Jardim_bom_jesus_ii": 758471.6901183352, "Nossa_senhora_aparecida_ii": 722505.6279731026, "Sao_vicente_ii": 754568.4358874452, "Vila_sonia": 534477.0540753425, "Jardim_bom_jesus": 711084.9152870998, "Camargo_ii": 751966.2664001853, "Agua_das_pedras": 712221.4257678172, "Vale_do_sol": 772901.7462950656, "Santa_maria_ii": 711355.0949519165, "Alpes_das_aguas": 751966.2664001853, "Santorino": 745460.8426820354, "Jardim_asturias_i": 722562.810963884, "Jardim_petropolis": 728123.5605068913, "Prezotto": 725697.2769333635, "Jardim_abaete": 674337.6157408694, "Vila_verde": 840071.0073430468, "Luiz_massud_coury": 731799.4528739207, "Jardim_flamboyant": 729847.8257584757, "Jardim_sao_luiz": 640422.8591488627, "Mombuca": 690589.1383704928, "Jardim_nova_iguacu": 547235.7596569456, "Vila_nossa_senhora_aparecida": 725944.5715275857, "Garcas": 685491.1473438357, "Jaragua": 643197.7468644724, "Vila_santa_helena": 725944.5715275857, "Jardim_algodoal": 671923.3121863105, "Paredao_vermelho": 723342.4020403258, "Jardim_sao_vicente_ii": 710802.9151188124, "Jardim_mercedes": 722041.3172966958, "Jardim_planalto": 980519.803653387, "Nossa_senhora_de_fatima": 678804.8313989913, "Bom_jesus": 707116.2844555306, "Santa_olimpia": 719439.1478094358, "Santana": 719439.1478094358, "Jardim_dona_antonieta": 715535.8935785459, "Village_agua_branca": 698944.609227213, "Jardim_santa_isabel": 675965.789330351, "Sao_vicente_i": 713454.1579887379, "Alto_da_pompeia": 698363.2527674636, "Jardim_alvorada": 669574.0998943896, "Santa_rosa_ype": 711632.639347656, "Joy_one_residence": 709030.469860396, "Vila_nazareti": 709030.469860396, "Jardim_dos_manacas": 669569.6682539802, "Pombeva": 707599.2766424031, "Jardim_noiva_da_colina": 658033.0801785815, "Irmaos_camolesi": 706428.3003731361, "Jardim_bela_vista": 680908.4272574403, "Jardim_asturias_ii": 719668.6066750928, "Cecap": 637851.334739902, "Jardim_tres_marias": 669574.0998943896, "Vila_kennedy": 703826.1308858761, "Jardim_boa_esperanca": 702525.0461422461, "Conceicao": 683932.0963250297, "Reserva_jequitiba": 790139.6836548472, "Jardim_bartira": 693071.5320062514, "Vertentes_das_aguas": 699922.8766549862, "Conquista": 668396.9913412579, "Jardim_sao_carlos": 699922.8766549862, "Campos_do_conde": 614097.7957063153, "Moinho_vermelho": 685851.5662956974, "Jardim_gloria": 662850.4036593372, "Vila_bessy": 696019.6224240962, "Vitoria_perin_cezarino": 685624.3510989757, "Mario_dedini": 681723.4468142124, "Jardim_monte_castelo": 693417.4529368363, "Jardim_esplanada": 692116.3681932064, "Jardim_conceicao": 686546.383020829, "Recreio": 670375.3616221733, "Jardim_belvedere": 690815.2834495764, "Jardim_diamante": 669272.2945100645, "Algodoal": 668499.9681846469, "Jardim_maria_claudia": 672104.1577032628, "Luis_massoud_coury": 688863.6563341314, "Jupia": 660452.8237040718, "Jardim_california": 647437.6534359613, "Pau_d'alhinho": 688213.1139623164, "Bertolin_ii": 688213.1139623164, "Jardim_alberto_zeppeline": 686912.0292186864, "_vila_santa_clara": 686912.0292186864, "Jardim_ipanema": 676404.031880444, "Santa_teresinha_de_piraci": 686261.4868468714, "Jardim_santo_antonio": 676049.4042181928, "Eldorado": 683659.3173596115, "Jardim_ouro_fino": 683659.3173596115, "Jardim_itapua": 676049.4042181928, "Morada_dos_passaros": 676404.031880444, "Verde": 681707.6902441665, "Mato_alto": 506728.29534954624, "Santa_cruz": 680406.6055005365, "Santa_luzia": 655833.8164477971, "Varandas_campestre": 671793.8722711782, "Vila_prudente": 685748.5894523083, "Monaco": 675202.2665260166, "Vitta_agua_branca": 674551.7241542016, "Bairro_sao_cristovao": 673901.1817823866, "Jardim_monte_libano": 673901.1817823866, "Independencia": 655679.3511827135, "Jardim_maria": 638959.448489207, "Tanquinho": 671299.0122951267, "Jardim_primavera": 670559.5050524274, "Monte_libano": 670648.4699233117, "Portal_do_horto": 653053.4416762935, "Horto_(_tupi_)": 742010.1493969196, "Jardim_taiguara": 668696.8428078667, "Novo_horizonte": 666745.2156924218, "Sem_bairro": 654384.910627937, "Quinta_de_santa_helena": 836536.7747361339, "Tupi": 707013.3076121416, "Jardim_sao_vicente": 707256.6384963002, "Sao_vicente": 684436.0411696279, "Vivenda_do_sol": 683008.7749877964, "Agua_santa": 961440.9101246118, "Gleba_california": 580868.2362058801, "Santa_cecilia": 935122.8194932324, "Bairro_batistada": 1053373.2368534904, "Dos_alemaes": 787630.6524619628, "Sao_luiz": 662103.4463285765, "Monte_feliz": 667892.9679864148, "Damha_i": 797819.2431302582, "Jardim_sol_nascente_ii": 676480.6735472962, "Potiguar": 729623.0955686022, "Jardim_asturias_iii": 716706.8698478129, "Vila_cristina": 693417.4529368363, "Leao": 856053.0458905837, "Vila_bela_vista": 888580.1644813331, "Piazza_italia": 663492.5038333468, "Torres_do_jardim_i": 684309.8597314265, "Colinas_do_piracicaba": 836536.7747361339, "Morada_do_engenho": 1096753.7234621297, "Volta_grande": 748063.0121692955, "Alphaville": 1006778.8987175878, "Iaa": 698621.7919113563, "Glebas_natalinas": 749364.0969129254,