{"Vila_independencia": 1203908.5059189305, "Dois_corregos": 1155506.0035818415, "Centro": 375663.4374680869, "Jardim_pacaembu": 830286.9999999997, "Unileste": 783606.4547348593, "Bongue": 586190.4442181082, "Campestre": 446723.148923766, "Pau_queimado": 580868.2362058801, "Agua_branca": 672104.1577032628, "Canal_torto": 1409014.0619333247, "Santa_terezinha": 614097.7957063153, "Piracicamirim": 660452.8237040718, "Monte_alegre": 475588.3831078148, "Nova_piracicaba": 799269.3188930543, "Itaperu": 669574.0998943896, "Agua_seca": 667892.9679864148, "Alphaville_piracicaba": 475588.3831078148, "Morato": 582178.9386100727, "Cidade_alta": 685491.1473438357, "Artemis": 775489.7640934432, "Jardim_sao_cristovao_i": 790111.0774727438, "Batistada": 966103.0455789238, "Vila_industrial": 698621.7919113563, "Pauliceia": 775489.7640934432, "Jardim_elite": 829758.0916626367, "Vila_rezende": 637851.334739902, "Nossa_senhora_aparecida_i": 720617.1141299859, "Santa_rosa": 738210.6456849633, "Ondas": 582178.9386100727, "Villa_bela_vista": 647437.6534359613, "Jardim_europa": 582178.9386100727, "Vila_olinda": 940623.5542265322, "Sao_dimas": 1015496.0169912552, "Reserva_do_engenho": 1203908.5059189305, "Alto": 884871.1195605315, "Pompeia": 884871.1195605315, "Jardim_caxambu": 775489.7640934432, "Santa_rita": 772901.7462950656, "Glebas_california": 581053.8011101831, "Altos_do_taquaral": 475588.3831078148, "Castelinho": 617463.8556739584, "Damha": 1352414.932684577, "Villa_d'aquila": 830286.9999999997, "Alambari": 888580.1644813331, "Cidade_jardim": 830286.9999999997, "Nova_suica": 691975.2742430384, "Nova_america": 563762.4288416046, "Jardim_sao_francisco": 375663.4374680869, "Alemaes": 375663.4374680869, "Areiao": 862558.4696087335, "Agua_bonita": 862558.4696087335, "Reserva_das_paineiras": 586190.4442181082, "Paulista": 475588.3831078148, "Santa_maria": 661860.5967373265, "Clube_de_campo": 734242.5899774194, "Sao_judas": 980549.7055869943, "Lazuli_club": 542705.4287751768, "Jardim_das_cachoeiras": 830031.3510179841, "Nova_pompeia": 772901.7462950656, "Caxambu": 829901.242543621, "Jardim_dona_rosina": 823525.9272998341, "Industrial": 823525.9272998341, "Jardim_vila_verde": 771798.8730260221, "Colinas": 823525.9272998341, "Taquaral": 441786.13156417274, "Morumbi": 698147.7595710254, "Ondinhas": 547235.7596569456, "Jardim_nova_suica": 1015496.0169912552, "Higienopolis": 797819.2431302582, "Jardim_monumento": 695228.2540300831, "Soleil": 670559.5050524274, "Alto_da_boa_vista": 797504.2324272345, "Jardim_sao_cristovao_ii": 662103.4463285765, "Salto_de_pederneiras": 678716.3096242779, "Area_rural_de_piracicaba": 783192.3002473048, "Guamium": 777987.9612727849, "Santa_rosa_ipes": 980549.7055869943, "Jardim_botanico": 770181.4528110051, "Jardim_brasilia": 992682.2590466351, "Sao_jorge": 775489.7640934432, "Vila_monteiro": 704570.6013846891, "Monte_rey": 764977.1138364851, "Jardim_sao_jose": 762374.9443492251, "Perdizes": 980519.803653387, "Jardim_santa_silvia": 647437.6534359613, "Jardim_bom_jesus_ii": 758471.6901183352, "Nossa_senhora_aparecida_ii": 685993.7286469089, "Sao_vicente_ii": 754568.4358874452, "Vila_sonia": 685993.7286469089, "Jardim_bom_jesus": 711084.9152870998, "Camargo_ii": 751966.2664001853, "Agua_das_pedras": 799269.3188930543, "Vale_do_sol": 775489.7640934432, "Santa_maria_ii": 441786.13156417274, "Alpes_das_aguas": 751966.2664001853, "Santorino": 745460.8426820354, "Jardim_asturias_i": 722562.810963884, "Jardim_petropolis": 830286.9999999997, "Prezotto": 725697.2769333635, "Jardim_abaete": 830286.9999999997, "Vila_verde": 775489.7640934432, "Luiz_massud_coury": 731799.4528739207, "Jardim_flamboyant": 729847.8257584757, "Jardim_sao_luiz": 640422.8591488627, "Mombuca": 775489.7640934432, "Jardim_nova_iguacu": 475588.3831078148, "Vila_nossa_senhora_aparecida": 725944.5715275857, "Garcas": 441786.13156417274, "Jaragua": 643197.7468644724, "Vila_santa_helena": 725944.5715275857, "Jardim_algodoal": 830286.9999999997, "Paredao_vermelho": 723342.4020403258, "Jardim_sao_vicente_ii": 830286.9999999997, "Jardim_mercedes": 722041.3172966958, "Jardim_planalto": 1203908.5059189305, "Nossa_senhora_de_fatima": 617463.8556739584, "Bom_jesus": 707116.2844555306, "Santa_olimpia": 719439.1478094358, "Santana": 719439.1478094358, "Jardim_dona_antonieta": 715535.8935785459, "Village_agua_branca": 698944.609227213, "Jardim_santa_isabel": 563762.4288416046, "Sao_vicente_i": 713454.1579887379, "Alto_da_pompeia": 668396.9913412579, "Jardim_alvorada": 830286.9999999997, "Santa_rosa_ype": 711632.639347656, "Joy_one_residence": 709030.469860396, "Vila_nazareti": 709030.469860396, "Jardim_dos_manacas": 691975.2742430384, "Pombeva": 707599.2766424031, "Jardim_noiva_da_colina": 637851.334739902, "Irmaos_camolesi": 706428.3003731361, "Jardim_bela_vista": 680908.4272574403, "Jardim_asturias_ii": 775489.7640934432, "Cecap": 1015496.0169912552, "Jardim_tres_marias": 669574.0998943896, "Vila_kennedy": 703826.1308858761, "Jardim_boa_esperanca": 702525.0461422461, "Conceicao": 547235.7596569456, "Reserva_jequitiba": 829758.0916626367, "Jardim_bartira": 695228.2540300831, "Vertentes_das_aguas": 699922.8766549862, "Conquista": 435164.28664979077, "Jardim_sao_carlos": 699922.8766549862, "Campos_do_conde": 500981.482525659, "Moinho_vermelho": 685851.5662956974, "Jardim_gloria": 586190.4442181082, "Vila_bessy": 696019.6224240962, "Vitoria_perin_cezarino": 685624.3510989757, "Mario_dedini": 799269.3188930543, "Jardim_monte_castelo": 693417.4529368363, "Jardim_esplanada": 692116.3681932064, "Jardim_conceicao": 617463.8556739584, "Recreio": 670375.3616221733, "Jardim_belvedere": 690815.2834495764, "Jardim_diamante": 669272.2945100645, "Algodoal": 1203908.5059189305, "Jardim_maria_claudia": 980549.7055869943, "Luis_massoud_coury": 688863.6563341314, "Jupia": 849547.6221724338, "Jardim_california": 446723.148923766, "Pau_d'alhinho": 688213.1139623164, "Bertolin_ii": 688213.1139623164, "Jardim_alberto_zeppeline": 686912.0292186864, "_vila_santa_clara": 686912.0292186864, "Jardim_ipanema": 676404.031880444, "Santa_teresinha_de_piraci": 686261.4868468714, "Jardim_santo_antonio": 676049.4042181928, "Eldorado": 683659.3173596115, "Jardim_ouro_fino": 683659.3173596115, "Jardim_itapua": 676049.4042181928, "Morada_dos_passaros": 683008.7749877964, "Verde": 681707.6902441665, "Mato_alto": 506728.29534954624, "Santa_cruz": 680406.6055005365, "Santa_luzia": 655833.8164477971, "Varandas_campestre": 500981.482525659, "Vila_prudente": 685993.7286469089, "Monaco": 675202.2665260166, "Vitta_agua_branca": 674551.7241542016, "Bairro_sao_cristovao": 673901.1817823866, "Jardim_monte_libano": 673901.1817823866, "Independencia": 655679.3511827135, "Jardim_maria": 625135.8876638147, "Tanquinho": 671299.0122951267, "Jardim_primavera": 658033.0801785815, "Monte_libano": 670648.4699233117, "Portal_do_horto": 653053.4416762935, "Horto_(_tupi_)": 734242.5899774194, "Jardim_taiguara": 668696.8428078667, "Novo_horizonte": 666745.2156924218, "Sem_bairro": 830286.9999999997, "Quinta_de_santa_helena": 586190.4442181082, "Tupi": 775489.7640934432, "Jardim_sao_vicente": 695228.2540300831, "Sao_vicente": 586190.4442181082, "Vivenda_do_sol": 1039942.6005040443, "Agua_santa": 830286.9999999997, "Gleba_california": 1015496.0169912552, "Santa_cecilia": 665139.9760565034, "Bairro_batistada": 1203908.5059189305, "Dos_alemaes": 614097.7957063153, "Sao_luiz": 703826.1308858761, "Monte_feliz": 830286.9999999997, "Damha_i": 1039942.6005040443, "Jardim_sol_nascente_ii": 830286.9999999997, "Potiguar": 980549.7055869943, "Jardim_asturias_iii": 734672.3932326324, "Vila_cristina": 830286.9999999997, "Leao": 775489.7640934432, "Vila_bela_vista": 797819.2431302582, "Piazza_italia": 375663.4374680869, "Torres_do_jardim_i": 446723.148923766, "Colinas_do_piracicaba": 668396.9913412579, "Morada_do_engenho": 729623.0955686022, "Volta_grande": 830286.9999999997, "Alphaville": 787630.6524619628, "Iaa": 738210.6456849633, "Glebas_natalinas": 775489.7640934432,