{"Vila_independencia": 301264.0391191024, "Dois_corregos": 404424.7251427213, "Centro": 222102.58067046438, "Jardim_pacaembu": 343333.38034298964, "Unileste": 251098.50633740018, "Bongue": 372987.95180375496, "Campestre": 301264.0391191024, "Pau_queimado": 303690.7623711006, "Agua_branca": 381689.4736842105, "Canal_torto": 442445.6144757154, "Santa_terezinha": 266238.974628666, "Piracicamirim": 395338.1458806786, "Monte_alegre": 381689.4736842105, "Nova_piracicaba": 251098.50633740018, "Itaperu": 341029.65919485065, "Agua_seca": 418778.869172339, "Alphaville_piracicaba": 418778.869172339, "Morato": 343333.38034298964, "Cidade_alta": 456417.87966610846, "Artemis": 372987.95180375496, "Jardim_sao_cristovao_i": 301264.0391191024, "Batistada": 238638.83453281803, "Vila_industrial": 372987.95180375496, "Pauliceia": 336043.58398259076, "Jardim_elite": 456417.87966610846, "Vila_rezende": 469342.2770777608, "Nossa_senhora_aparecida_i": 267057.4627927026, "Santa_rosa": 430534.57247019093, "Ondas": 301264.0391191024, "Villa_bela_vista": 266238.974628666, "Jardim_europa": 381689.4736842105, "Vila_olinda": 343333.38034298964, "Sao_dimas": 301264.0391191024, "Reserva_do_engenho": 430534.57247019093, "Alto": 345454.20881218306, "Pompeia": 430534.57247019093, "Jardim_caxambu": 372987.95180375496, "Santa_rita": 341029.65919485065, "Glebas_california": 341029.65919485065, "Altos_do_taquaral": 456417.87966610846, "Castelinho": 251098.50633740018, "Damha": 380491.11332227435, "Villa_d'aquila": 381689.4736842105, "Alambari": 442445.6144757154, "Cidade_jardim": 323968.80806677224, "Nova_suica": 317329.0311570553, "Nova_america": 381689.4736842105, "Jardim_sao_francisco": 381689.4736842105, "Alemaes": 372987.95180375496, "Areiao": 456417.87966610846, "Agua_bonita": 380491.11332227435, "Reserva_das_paineiras": 380491.11332227435, "Paulista": 381689.4736842105, "Santa_maria": 275064.6975942773, "Clube_de_campo": 381689.4736842105, "Sao_judas": 342878.1016515386, "Lazuli_club": 301264.0391191024, "Jardim_das_cachoeiras": 429683.52827969263, "Nova_pompeia": 234087.47059196277, "Caxambu": 395338.1458806786, "Jardim_dona_rosina": 429683.52827969263, "Industrial": 442445.6144757154, "Jardim_vila_verde": 342878.1016515386, "Colinas": 582650.2796849334, "Taquaral": 336043.58398259076, "Morumbi": 345454.20881218306, "Ondinhas": 341029.65919485065, "Jardim_nova_suica": 372987.95180375496, "Higienopolis": 442445.6144757154, "Jardim_monumento": 372987.95180375496, "Soleil": 456417.87966610846, "Alto_da_boa_vista": 381689.4736842105, "Jardim_sao_cristovao_ii": 251098.50633740018, "Area_rural_de_piracicaba": 499117.6369614045, "Guamium": 360528.08354530093, "Santa_rosa_ipes": 372987.95180375496, "Jardim_botanico": 395338.1458806786, "Jardim_brasilia": 442445.6144757154, "Sao_jorge": 295503.53460228466, "Vila_monteiro": 350791.8333427609, "Monte_rey": 442445.6144757154, "Jardim_sao_jose": 307514.6282402703, "Perdizes": 381689.4736842105, "Jardim_santa_silvia": 274884.0505150114, "Jardim_bom_jesus_ii": 301264.0391191024, "Nossa_senhora_aparecida_ii": 320962.7026090142, "Sao_vicente_ii": 381689.4736842105, "Vila_sonia": 345454.20881218306, "Jardim_bom_jesus": 381689.4736842105, "Camargo_ii": 359562.7606207393, "Agua_das_pedras": 335151.14721534104, "Vale_do_sol": 430534.57247019093, "Santa_maria_ii": 372987.95180375496, "Alpes_das_aguas": 334268.98848110007, "Santorino": 430534.57247019093, "Jardim_asturias_i": 308272.15425134473, "Jardim_petropolis": 359596.68838776374, "Prezotto": 285440.17665153864, "Jardim_abaete": 274884.0505150114, "Vila_verde": 372987.95180375496, "Luiz_massud_coury": 293553.50820159394, "Jardim_flamboyant": 222102.58067046438, "Jardim_sao_luiz": 341029.65919485065, "Mombuca": 321312.2874912009, "Jardim_nova_iguacu": 456417.87966610846, "Vila_nossa_senhora_aparecida": 395338.1458806786, "Garcas": 341029.65919485065, "Jaragua": 341029.65919485065, "Vila_santa_helena": 343333.38034298964, "Jardim_algodoal": 372987.95180375496, "Paredao_vermelho": 336845.30231150496, "Jardim_sao_vicente_ii": 339191.316471364, "Jardim_mercedes": 345454.20881218306, "Jardim_planalto": 395338.1458806786, "Nossa_senhora_de_fatima": 341029.65919485065, "Bom_jesus": 341029.65919485065, "Santa_olimpia": 341029.65919485065, "Santana": 381689.4736842105, "Jardim_dona_antonieta": 372987.95180375496, "Village_agua_branca": 335151.14721534104, "Jardim_santa_isabel": 348170.86233861814, "Sao_vicente_i": 301264.0391191024, "Alto_da_pompeia": 235767.72404971492, "Jardim_alvorada": 308272.15425134473, "Santa_rosa_ype": 343333.38034298964, "Salto_de_pederneiras": 235767.72404971492, "Joy_one_residence": 318652.95540460566, "Vila_nazareti": 381689.4736842105, "Jardim_dos_manacas": 336845.30231150496, "Pombeva": 251098.50633740018, "Jardim_noiva_da_colina": 251098.50633740018, "Irmaos_camolesi": 222102.58067046438, "Jardim_bela_vista": 372987.95180375496, "Jardim_asturias_ii": 256952.2200206871, "Cecap": 429683.52827969263, "Jardim_tres_marias": 235767.72404971492, "Vila_kennedy": 308272.15425134473, "Jardim_boa_esperanca": 456417.87966610846, "Conceicao": 429683.52827969263, "Reserva_jequitiba": 329375.49564344186, "Jardim_bartira": 238638.83453281803, "Vertentes_das_aguas": 266238.974628666, "Conquista": 499117.6369614045, "Jardim_sao_carlos": 235767.72404971492, "Campos_do_conde": 381689.4736842105, "Moinho_vermelho": 256952.2200206871, "Jardim_gloria": 334540.4773926093, "Vila_bessy": 288200.9415858558, "Vitoria_perin_cezarino": 325031.03695052984, "Mario_dedini": 238638.83453281803, "Jardim_monte_castelo": 266238.974628666, "Jardim_esplanada": 381689.4736842105, "Jardim_conceicao": 582650.2796849334, "Recreio": 372987.95180375496, "Jardim_belvedere": 381689.4736842105, "Jardim_diamante": 362412.0949019646, "Algodoal": 341029.65919485065, "Jardim_maria_claudia": 338796.92942694994, "Luis_massoud_coury": 339191.316471364, "Jupia": 222102.58067046438, "Jardim_california": 372987.95180375496, "Pau_d'alhinho": 334540.4773926093, "Bertolin_ii": 305950.3565491187, "Jardim_alberto_zeppeline": 340298.1853595822, "_vila_santa_clara": 380491.11332227435, "Jardim_ipanema": 442445.6144757154, "Santa_teresinha_de_piraci": 342878.1016515386, "Jardim_santo_antonio": 275064.6975942773, "Eldorado": 381689.4736842105, "Jardim_ouro_fino": 310575.0075187921, "Jardim_itapua": 381689.4736842105, "Morada_dos_passaros": 345454.20881218306, "Verde": 234087.47059196277, "Mato_alto": 251098.50633740018, "Santa_cruz": 365940.75832518446, "Santa_luzia": 380491.11332227435, "Varandas_campestre": 304262.7810879304, "Vila_prudente": 285440.17665153864, "Monaco": 339191.316471364, "Vitta_agua_branca": 381689.4736842105, "Bairro_sao_cristovao": 312986.13176432706, "Jardim_monte_libano": 359562.7606207393, "Independencia": 345454.20881218306, "Jardim_maria": 469342.2770777608, "Tanquinho": 395394.115774854, "Jardim_primavera": 322135.4072307937, "Monte_libano": 381689.4736842105, "Portal_do_horto": 499117.6369614045, "Horto_(_tupi_)": 381689.4736842105, "Jardim_taiguara": 235767.72404971492, "Novo_horizonte": 418778.869172339, "Quinta_de_santa_helena": 395338.1458806786, "Tupi": 372987.95180375496, "Jardim_sao_vicente": 308272.15425134473, "Sao_vicente": 336043.58398259076, "Vivenda_do_sol": 381689.4736842105, "Agua_santa": 238638.83453281803, "Gleba_california": 251098.50633740018, "Santa_cecilia": 329003.28184716526, "Bairro_batistada": 341029.65919485065, "Dos_alemaes": 266238.974628666, "Sao_luiz": 381689.4736842105, "Monte_feliz": 442445.6144757154, "Damha_i": 418778.869172339, "Jardim_sol_nascente_ii": 418778.869172339, "Potiguar": 381689.4736842105, "Jardim_asturias_iii": 325031.03695052984, "Vila_cristina": 380491.11332227435, "Leao": 222102.58067046438, "Vila_bela_vista": 408830.1724156187, "Piazza_italia": 395338.1458806786, "Torres_do_jardim_i": 456417.87966610846, "Colinas_do_piracicaba": 381689.4736842105, "Morada_do_engenho": 372987.95180375496, "Volta_grande": 381689.4736842105, "Alphaville": 430534.57247019093,