{"Vila_independencia": 13.34742224238572, "Dois_corregos": 12.940322928894828, "Centro": 13.083072081186026, "Jardim_pacaembu": 13.328496999499, "Unileste": 12.79609163078135, "Bongue": 12.854213896372478, "Campestre": 13.083072081186026, "Pau_queimado": 12.948545882693685, "Agua_branca": 12.738846549746315, "Canal_torto": 12.657971426123522, "Santa_terezinha": 13.110440397438362, "Piracicamirim": 12.849417515881639, "Monte_alegre": 12.485754736112867, "Nova_piracicaba": 12.738846549746315, "Itaperu": 13.083072081186026, "Agua_seca": 13.10563659837865, "Alphaville_piracicaba": 13.34742224238572, "Morato": 13.10563659837865, "Cidade_alta": 13.083072081186026, "Artemis": 13.083072081186026, "Jardim_sao_cristovao_i": 12.738846549746315, "Batistada": 13.083072081186026, "Vila_industrial": 12.920445695374742, "Pauliceia": 12.827278886553328, "Jardim_elite": 12.79609163078135, "Vila_rezende": 12.3241821203972, "Nossa_senhora_aparecida_i": 12.485754736112867, "Santa_rosa": 13.10563659837865, "Ondas": 13.050693660754284, "Villa_bela_vista": 13.655462954231194, "Jardim_europa": 13.083072081186026, "Vila_olinda": 13.083072081186026, "Sao_dimas": 13.083072081186026, "Reserva_do_engenho": 12.827278886553328, "Alto": 13.10563659837865, "Pompeia": 12.618651991040064, "Jardim_caxambu": 13.562234202109039, "Santa_rita": 13.10563659837865, "Glebas_california": 13.083072081186026, "Altos_do_taquaral": 13.34356357990694, "Castelinho": 13.083072081186026, "Damha": 12.890101722041404, "Villa_d'aquila": 12.860518907404497, "Alambari": 13.23586185873636, "Cidade_jardim": 12.773241319604185, "Nova_suica": 13.10563659837865, "Nova_america": 12.827278886553328, "Jardim_sao_francisco": 12.35508963226709, "Alemaes": 13.083072081186026, "Areiao": 12.618651991040064, "Agua_bonita": 13.083072081186026, "Reserva_das_paineiras": 12.485754736112867, "Paulista": 13.083072081186026, "Santa_maria": 12.618651991040064, "Clube_de_campo": 12.827278886553328, "Sao_judas": 13.291493943286351, "Lazuli_club": 12.920445695374742, "Jardim_das_cachoeiras": 13.34742224238572, "Nova_pompeia": 13.083072081186026, "Caxambu": 13.10563659837865, "Jardim_dona_rosina": 12.618651991040064, "Industrial": 12.69477219105343, "Jardim_vila_verde": 13.083072081186026, "Colinas": 13.136278082147722, "Taquaral": 13.10563659837865, "Morumbi": 13.10563659837865, "Ondinhas": 13.10563659837865, "Jardim_nova_suica": 12.798985747161758, "Higienopolis": 13.34356357990694, "Jardim_monumento": 13.083072081186026, "Soleil": 12.657971426123522, "Alto_da_boa_vista": 12.854213896372478, "Jardim_sao_cristovao_ii": 13.042452797063998, "Area_rural_de_piracicaba": 13.34356357990694, "Guamium": 13.083072081186026, "Santa_rosa_ipes": 12.736429455661723, "Jardim_botanico": 12.485754736112867, "Jardim_brasilia": 13.34356357990694, "Sao_jorge": 12.738846549746315, "Vila_monteiro": 13.562234202109039, "Monte_rey": 13.01587860452308, "Jardim_sao_jose": 13.10563659837865, "Perdizes": 12.890101722041404, "Jardim_santa_silvia": 12.738846549746315, "Jardim_bom_jesus_ii": 13.039324043472647, "Nossa_senhora_aparecida_ii": 12.811870871841222, "Sao_vicente_ii": 12.854213896372478, "Vila_sonia": 12.827278886553328, "Jardim_bom_jesus": 12.644776169081112, "Camargo_ii": 13.01587860452308, "Agua_das_pedras": 12.877882209188964, "Vale_do_sol": 13.10563659837865, "Santa_maria_ii": 13.10563659837865, "Alpes_das_aguas": 13.10563659837865, "Santorino": 13.655462954231194, "Jardim_asturias_i": 13.110440397438362, "Jardim_petropolis": 12.827278886553328, "Prezotto": 12.827278886553328, "Jardim_abaete": 12.953092764381935, "Vila_verde": 13.10563659837865, "Luiz_massud_coury": 13.083072081186026, "Jardim_flamboyant": 12.928601747970488, "Jardim_sao_luiz": 13.655462954231194, "Mombuca": 13.042452797063998, "Jardim_nova_iguacu": 12.69477219105343, "Vila_nossa_senhora_aparecida": 13.10563659837865, "Garcas": 12.827278886553328, "Jaragua": 12.549461506049704, "Vila_santa_helena": 13.050693660754284, "Jardim_algodoal": 13.230891824029655, "Paredao_vermelho": 13.046683222411355, "Jardim_sao_vicente_ii": 13.136278082147722, "Jardim_mercedes": 13.01587860452308, "Jardim_planalto": 12.69477219105343, "Nossa_senhora_de_fatima": 13.34356357990694, "Bom_jesus": 13.10563659837865, "Santa_olimpia": 12.644776169081112, "Santana": 13.254548216090578, "Jardim_dona_antonieta": 13.01587860452308, "Village_agua_branca": 12.644776169081112, "Jardim_santa_isabel": 13.230891824029655, "Sao_vicente_i": 12.79609163078135, "Alto_da_pompeia": 13.073532412589406, "Jardim_alvorada": 13.083072081186026, "Santa_rosa_ype": 13.10563659837865, "Salto_de_pederneiras": 12.847582467063479, "Joy_one_residence": 13.291493943286351, "Vila_nazareti": 13.01587860452308, "Jardim_dos_manacas": 13.230891824029655, "Pombeva": 13.110440397438362, "Jardim_noiva_da_colina": 13.01587860452308, "Irmaos_camolesi": 12.644776169081112, "Jardim_bela_vista": 12.882206704499552, "Jardim_asturias_ii": 12.644776169081112, "Cecap": 12.649523181147906, "Jardim_tres_marias": 12.549461506049704, "Vila_kennedy": 12.738846549746315, "Jardim_boa_esperanca": 12.549461506049704, "Conceicao": 12.618651991040064, "Reserva_jequitiba": 12.79609163078135, "Jardim_bartira": 12.644776169081112, "Vertentes_das_aguas": 12.485754736112867, "Conquista": 12.649523181147906, "Jardim_sao_carlos": 12.738846549746315, "Campos_do_conde": 13.10563659837865, "Moinho_vermelho": 13.083072081186026, "Jardim_gloria": 13.10563659837865, "Vila_bessy": 12.870861574890933, "Vitoria_perin_cezarino": 13.01587860452308, "Mario_dedini": 12.953311508300004, "Jardim_monte_castelo": 12.74020936320884, "Jardim_esplanada": 13.312206587849154, "Jardim_conceicao": 12.685032580681742, "Recreio": 13.10563659837865, "Jardim_belvedere": 12.738846549746315, "Jardim_diamante": 12.738846549746315, "Algodoal": 12.940322928894828, "Jardim_maria_claudia": 13.10563659837865, "Luis_massoud_coury": 13.34742224238572, "Jupia": 13.34742224238572, "Jardim_california": 12.35508963226709, "Pau_d'alhinho": 12.75677527661638, "Bertolin_ii": 13.110440397438362, "Jardim_alberto_zeppeline": 12.847582467063479, "_vila_santa_clara": 13.10563659837865, "Jardim_ipanema": 13.110440397438362, "Santa_teresinha_de_piraci": 12.649523181147906, "Jardim_santo_antonio": 12.69477219105343, "Eldorado": 12.86494505099011, "Jardim_ouro_fino": 12.734443076460474, "Jardim_itapua": 13.230891824029655, "Morada_dos_passaros": 13.10563659837865, "Verde": 13.083072081186026, "Mato_alto": 13.10563659837865, "Santa_cruz": 13.10563659837865, "Santa_luzia": 13.655462954231194, "Varandas_campestre": 12.920445695374742, "Vila_prudente": 13.34356357990694, "Monaco": 12.8232380191901, "Vitta_agua_branca": 12.485754736112867, "Bairro_sao_cristovao": 12.657971426123522, "Jardim_monte_libano": 12.395254886692058, "Independencia": 12.920445695374742, "Jardim_maria": 12.890101722041404, "Tanquinho": 13.083072081186026, "Jardim_primavera": 13.328496999499, "Monte_libano": 13.10563659837865, "Portal_do_horto": 12.35508963226709, "Horto_(_tupi_)": 12.890101722041404, "Jardim_taiguara": 12.827278886553328, "Novo_horizonte": 13.10563659837865, "Quinta_de_santa_helena": 13.10563659837865, "Tupi": 13.110440397438362, "Jardim_sao_vicente": 12.877882209188964, "Sao_vicente": 12.618651991040064, "Vivenda_do_sol": 13.34742224238572, "Agua_santa": 12.485754736112867, "Gleba_california": 12.35508963226709, "Santa_cecilia": 12.815821514132567, "Bairro_batistada": 12.69477219105343, "Dos_alemaes": 12.644776169081112, "Sao_luiz": 12.395254886692058, "Monte_feliz": 12.69477219105343, "Damha_i": 13.140270639910192, "Jardim_sol_nascente_ii": 12.847582467063479, "Potiguar": 13.10563659837865, "Jardim_asturias_iii": 13.062704845505735, "Vila_cristina": 13.10563659837865, "Leao": 12.736429455661723, "Vila_bela_vista": 12.549461506049704, "Piazza_italia": 12.738846549746315, "Torres_do_jardim_i": 12.738846549746315, "Colinas_do_piracicaba": 12.549461506049704, "Morada_do_engenho": 13.050693660754284, "Volta_grande": 13.10563659837865,