{"Vila_independencia": 13.264329180622516, "Dois_corregos": 12.981027832326522, "Centro": 13.209351960796317, "Jardim_pacaembu": 13.249599328290964, "Unileste": 13.311019735844905, "Bongue": 13.094186647742282, "Campestre": 12.835583141049835, "Pau_queimado": 13.383742217844288, "Agua_branca": 12.928217351960821, "Canal_torto": 13.399368188014229, "Santa_terezinha": 12.795976676946896, "Piracicamirim": 12.538347972605976, "Monte_alegre": 13.427881668505627, "Nova_piracicaba": 13.68124104026377, "Itaperu": 13.2408572792124, "Agua_seca": 13.264008753579692, "Alphaville_piracicaba": 13.511185396364601, "Morato": 13.411861149804745, "Cidade_alta": 13.05611232327231, "Artemis": 13.660650119234447, "Jardim_sao_cristovao_i": 13.122227076896738, "Batistada": 13.224791256604263, "Vila_industrial": 13.091329666785468, "Pauliceia": 12.852209417502603, "Jardim_elite": 12.953522567942098, "Vila_rezende": 13.258856129342727, "Nossa_senhora_aparecida_i": 13.017332926996975, "Santa_rosa": 13.547768321357267, "Ondas": 13.252620177005797, "Villa_bela_vista": 13.06047826694462, "Jardim_europa": 13.714934207649556, "Vila_olinda": 13.273240960471844, "Sao_dimas": 13.4826987033194, "Reserva_do_engenho": 13.370021924982932, "Alto": 13.295778966379492, "Pompeia": 12.540987398403793, "Jardim_caxambu": 12.998476393866007, "Santa_rita": 13.534372122201134, "Glebas_california": 12.801774081894555, "Altos_do_taquaral": 12.997897880113042, "Castelinho": 13.276882939244853, "Damha": 13.06540868769776, "Villa_d'aquila": 13.167992111901572, "Alambari": 13.247132002435901, "Cidade_jardim": 13.530513753122055, "Nova_suica": 13.13019219531241, "Nova_america": 12.683443724497756, "Jardim_sao_francisco": 12.792617991407935, "Alemaes": 13.244604398427041, "Areiao": 13.231807431360807, "Agua_bonita": 13.231807431360807, "Reserva_das_paineiras": 13.195617437595224, "Paulista": 13.158872153238024, "Santa_maria": 12.99947588594845, "Clube_de_campo": 13.223360625816474, "Sao_judas": 13.445127393264194, "Lazuli_club": 13.224358216683237, "Jardim_das_cachoeiras": 13.209702126887615, "Nova_pompeia": 12.891960478837238, "Caxambu": 13.209605714527248, "Jardim_dona_rosina": 13.204791790391807, "Industrial": 13.204791790391807, "Jardim_vila_verde": 13.14591198310055, "Colinas": 13.204791790391807, "Taquaral": 12.766921272278442, "Morumbi": 12.8263822631321, "Ondinhas": 12.905631130040511, "Jardim_nova_suica": 13.049319880181692, "Higienopolis": 13.026152168105646, "Jardim_monumento": 13.038189327511148, "Soleil": 13.217001634665525, "Alto_da_boa_vista": 13.183056638300176, "Jardim_sao_cristovao_ii": 12.931352691072846, "Area_rural_de_piracicaba": 13.169348342349839, "Guamium": 13.163982283936756, "Santa_rosa_ipes": 13.089108622205766, "Jardim_botanico": 13.155493939169812, "Jardim_brasilia": 13.10144054495332, "Sao_jorge": 13.147430066719, "Vila_monteiro": 12.816639051426963, "Monte_rey": 13.14951088624251, "Jardim_sao_jose": 13.146412919067377, "Perdizes": 13.048152743193835, "Jardim_santa_silvia": 13.11920875374657, "Jardim_bom_jesus_ii": 13.141623109189139, "Nossa_senhora_aparecida_ii": 13.076799345920323, "Sao_vicente_ii": 13.1366502055008, "Vila_sonia": 12.836894710616187, "Jardim_bom_jesus": 13.100662560055145, "Camargo_ii": 13.133226100666286, "Agua_das_pedras": 13.041168563226313, "Vale_do_sol": 12.81535895526693, "Santa_maria_ii": 13.055355309162977, "Alpes_das_aguas": 13.133226100666286, "Santorino": 13.124249543415196, "Jardim_asturias_i": 13.098153510013718, "Jardim_petropolis": 13.108465392968892, "Prezotto": 13.097428868661527, "Jardim_abaete": 13.01895200442788, "Vila_verde": 13.227773258375558, "Luiz_massud_coury": 13.103104453443134, "Jardim_flamboyant": 13.099782354473792, "Jardim_sao_luiz": 12.942581887818923, "Mombuca": 12.945626647494588, "Jardim_nova_iguacu": 12.774874624460804, "Vila_nossa_senhora_aparecida": 13.092872316128508, "Garcas": 12.994707386095907, "Jaragua": 12.956992730948953, "Vila_santa_helena": 13.092872316128508, "Jardim_algodoal": 13.008006841587193, "Paredao_vermelho": 13.088052932781713, "Jardim_sao_vicente_ii": 13.067992321570383, "Jardim_mercedes": 13.085574601194708, "Jardim_planalto": 13.158004931237095, "Nossa_senhora_de_fatima": 13.009424875770687, "Bom_jesus": 13.0684541348061, "Santa_olimpia": 13.080471654042904, "Santana": 13.080471654042904, "Jardim_dona_antonieta": 13.072421139664549, "Village_agua_branca": 13.067780173986836, "Jardim_santa_isabel": 12.95615394354436, "Sao_vicente_i": 13.067914768034953, "Alto_da_pompeia": 13.04705990040682, "Jardim_alvorada": 12.98349843486276, "Santa_rosa_ype": 13.063839449103074, "Salto_de_pederneiras": 13.027153694832936, "Joy_one_residence": 13.057786800841477, "Vila_nazareti": 13.057786800841477, "Jardim_dos_manacas": 12.953048565517559, "Pombeva": 13.054333779799629, "Jardim_noiva_da_colina": 12.986338130309244, "Irmaos_camolesi": 13.05143878701747, "Jardim_bela_vista": 13.009672743987077, "Jardim_asturias_ii": 13.082926739934585, "Cecap": 12.926081941813871, "Jardim_tres_marias": 12.987194936571917, "Vila_kennedy": 13.044765094739656, "Jardim_boa_esperanca": 13.04129532979786, "Conceicao": 13.020039732621303, "Reserva_jequitiba": 13.089642866059084, "Jardim_bartira": 13.024086636106595, "Vertentes_das_aguas": 13.034065221243528, "Conquista": 12.931132342500376, "Jardim_sao_carlos": 13.034065221243528, "Campos_do_conde": 12.850960970980093, "Moinho_vermelho": 13.013742134585865, "Jardim_gloria": 12.914689089555544, "Vila_bessy": 13.022405919992039, "Vitoria_perin_cezarino": 12.999105202966328, "Mario_dedini": 12.98327862777653, "Jardim_monte_castelo": 13.014008911469185, "Jardim_esplanada": 13.009598032302124, "Jardim_conceicao": 13.003246452411066, "Recreio": 12.90046561010088, "Jardim_belvedere": 13.005032354218095, "Jardim_diamante": 12.942850999238017, "Algodoal": 12.937595383368496, "Jardim_maria_claudia": 12.960720646809516, "Luis_massoud_coury": 12.997868610610045, "Jupia": 12.950161213999039, "Jardim_california": 12.93143014765182, "Pau_d'alhinho": 12.995390279023038, "Bertolin_ii": 12.995390279023038, "Jardim_alberto_zeppeline": 12.990287331871237, "_vila_santa_clara": 12.990287331871237, "Jardim_ipanema": 12.961357442072329, "Santa_teresinha_de_piraci": 12.987658788444152, "Jardim_santo_antonio": 12.960702680945673, "Eldorado": 12.976579035920897, "Jardim_ouro_fino": 12.976579035920897, "Jardim_itapua": 12.961280724344514, "Morada_dos_passaros": 12.96294963740215, "Verde": 12.967602478669809, "Mato_alto": 12.570028960217977, "Santa_cruz": 12.961254464845803, "Santa_luzia": 12.855680443453963, "Varandas_campestre": 12.939949575834083, "Vila_prudente": 12.976079387714382, "Monaco": 12.93222159782037, "Vitta_agua_branca": 12.92809082311965, "Bairro_sao_cristovao": 12.923824589297517, "Jardim_monte_libano": 12.923824589297517, "Independencia": 12.86528470723521, "Jardim_maria": 12.83853284807433, "Tanquinho": 12.905205956851372, "Jardim_primavera": 12.947690367298332, "Monte_libano": 12.900103009699569, "Portal_do_horto": 12.847454066529263, "Horto_(_tupi_)": 13.038635239199658, "Jardim_taiguara": 12.883470804759739, "Novo_horizonte": 12.864396450396319, "Quinta_de_santa_helena": 13.214433865586864, "Tupi": 13.062011704365624, "Jardim_sao_vicente": 13.058521536449668, "Sao_vicente": 12.98421811784284, "Vivenda_do_sol": 12.973655126931407, "Agua_santa": 13.282375129461606, "Gleba_california": 12.85427891232061, "Santa_cecilia": 13.229463261572235, "Bairro_batistada": 13.329163008925178, "Dos_alemaes": 13.231036727499593, "Sao_luiz": 12.96207756783431, "Monte_feliz": 12.916725099345518, "Damha_i": 13.145213424098936, "Jardim_sol_nascente_ii": 12.974205393370116, "Potiguar": 13.116509590506588, "Jardim_asturias_iii": 13.074889024547598, "Vila_cristina": 13.014008911469185, "Leao": 13.227676656660085, "Vila_bela_vista": 13.247132002435901, "Piazza_italia": 12.82466370987476, "Torres_do_jardim_i": 12.979438677942245, "Colinas_do_piracicaba": 13.214433865586864, "Morada_do_engenho": 13.329879530585846,